instance,primal_bound_value,time,Method
Instance23,5987.63,10801.3,CG-TDOL-5-PP-CH-SD-Path-1-DYN
Instance20,6788.38,10805.2,CG-TDOL-5-PP-CH-Path-1-DYN
Instance7,2685.31,7207.88,CG-TDOL-5-PP-CH-Path-1-DYN
Instance12,4453.78,7278.69,CG-TDOL-5-PP-CH-SD-Path-3-DYN
Instance17,5366.92,7441.22,CG-TDOL-5-PP-CH-BestK-1-STA
Instance18,4679.33,7280.68,CG-TDOL-5-PP-CH-Path-2-DYN
Instance8,3628.09,126.071,CG-TW-5-PP-CH-BestK-1-STA
Instance3,1250.02,0.415,CG-TDOL-5-PP-CH-NoHeuristic
Instance10,3323.46,7245.43,CG-TDOL-5-PP-CH-BestK-3-STA
Instance16,6036.52,10802.7,CG-TDOL-5-PP-CH-Path-3-STA
Instance4,2298.12,7203.84,CG-TDOL-5-PP-CH-SD-Path-2-STA
Instance22,6211.09,10800.7,CG-TDOL-5-PP-CH-SD-Path-3-DYN
Instance1,2295.02,0.179,CG-TDOL-5-PP-CH-SD-Path-2-STA
Instance21,5905.26,10800.7,CG-TW-5-PP-CH-Path-1-DYN
Instance22,6205.16,10800.5,CG-TDOL-5-PP-CH-Path-2-DYN
Instance12,4411.38,4408.48,CG-TDOL-5-PP-CH-BestK-2-STA
Instance12,4407.55,7758.04,CG-TDOL-5-PP-CH-BestK-3-STA
Instance16,5918.12,10801.9,CG-TW-5-PP-CH-Path-2-DYN
Instance15,3944.53,9636.76,CG-TDOL-5-PP-CH-SD-NoHeuristic
Instance20,6788.38,10803.9,CG-TW-5-PP-CH-Path-2-STA
Instance12,4407.55,7614.89,CG-TDOL-5-PP-CH-BestK-3-DYN
Instance10,3350.37,7224.94,CG-TDOL-5-PP-CH-Path-3-STA
Instance2,1618.23,0.201,CG-TW-5-PP-CH-BestK-1-STA
Instance11,3522.24,7485.9,CG-TW-5-PP-CH-BestK-2-DYN
Instance4,2336.2,4.046,CG-TDOL-5-PP-CH-SD-BestK-1-STA
Instance16,5918.12,10802.5,CG-TW-5-PP-CH-Path-3-DYN
Instance17,5332.86,7553.36,CG-TDOL-5-PP-CH-SD-BestK-3-STA
Instance4,2298.99,7202.92,CG-TDOL-5-PP-CH-Path-2-STA
Instance7,2685.31,7207.17,CG-TDOL-5-PP-CH-SD-Path-2-DYN
Instance13,4217.72,10800.9,CG-TDOL-5-PP-CH-SD-Path-2-DYN
Instance9,2476.15,10800.3,MIP
Instance8,3469.23,7285.82,CG-TDOL-5-PP-CH-SD-Path-1-STA
Instance23,6051.79,10804,CG-TDOL-5-PP-CH-SD-BestK-1-DYN
Instance7,2742.66,7213.4,CG-TW-5-PP-CH-Path-3-STA
Instance7,2685.31,7208.39,CG-TDOL-5-PP-CH-SD-Path-2-STA
Instance5,1948.9,7211.84,CG-TW-5-PP-CH-Path-2-DYN
Instance1,2295.02,0.139,CG-TDOL-5-PP-CH-SD-BestK-3-DYN
Instance2,1559.56,0.282,CG-TDOL-5-PP-CH-NoHeuristic
Instance10,3350.37,7264.65,CG-TDOL-5-PP-CH-Path-1-DYN
Instance3,1250.02,1.902,CG-TW-5-PP-CH-NoHeuristic
Instance7,2685.31,7210.32,CG-TDOL-5-PP-CH-BestK-3-STA
Instance14,3654.07,7228.82,CG-TDOL-5-PP-CH-SD-Path-1-DYN
Instance20,6742.26,10802.3,CG-TW-5-PP-CH-NoHeuristic
Instance24,-1,10801.3,MIP
Instance5,1948.9,7283.3,CG-TDOL-5-PP-CH-SD-Path-2-DYN
Instance8,3628.09,7412.3,CG-TDOL-5-PP-CH-NoHeuristic
Instance8,3628.09,7231.44,CG-TW-5-PP-CH-Path-2-STA
Instance21,5905.26,10080.7,CG-TDOL-5-PP-CH-SD-BestK-3-STA
Instance5,1834.94,7273.96,CG-TDOL-5-PP-CH-SD-Path-1-STA
Instance24,7911.18,8111.81,CG-TDOL-5-PP-CH-SD-Path-2-STA
Instance4,2298.99,7202.41,CG-TDOL-5-PP-CH-SD-BestK-3-DYN
Instance22,6353.58,10802.3,CG-TW-5-PP-CH-BestK-2-DYN
Instance16,5970.86,10800.1,CG-TDOL-5-PP-CH-BestK-2-STA
Instance15,3944.53,8101.06,CG-TW-5-PP-CH-Path-2-STA
Instance13,4350.97,10800.5,CG-TW-5-PP-CH-BestK-2-DYN
Instance8,3642.01,7249.03,CG-TW-5-PP-CH-NoHeuristic
Instance22,6993.77,10800.2,SemiComp
Instance11,3473.49,243.085,CG-TW-5-PP-CH-BestK-1-STA
Instance19,7677.39,10809.4,CG-TW-5-PP-CH-BestK-2-STA
Instance14,3671.46,7296.2,CG-TDOL-5-PP-CH-SD-NoHeuristic
Instance21,5899.52,10800.9,CG-TDOL-5-PP-CH-SD-BestK-2-STA
Instance12,4406.33,7518.02,CG-TDOL-5-PP-CH-NoHeuristic
Instance6,1939.72,7203.05,CG-TDOL-5-PP-CH-SD-Path-3-DYN
Instance23,6038.2,10825,CG-TDOL-5-PP-CH-SD-Path-3-STA
Instance1,2295.02,0.173,CG-TDOL-5-PP-CH-SD-BestK-1-DYN
Instance14,3726.24,7282.21,CG-TW-5-PP-CH-BestK-3-DYN
Instance4,2336.2,7202.28,CG-TW-5-PP-CH-Path-1-DYN
Instance9,2578.94,7202.82,CG-TW-5-PP-CH-Path-2-STA
Instance11,3449.75,7279.71,CG-TDOL-5-PP-CH-NoHeuristic
Instance2,1559.56,0.282,CG-TDOL-5-PP-CH-Path-1-STA
Instance19,7590.42,10802,CG-TDOL-5-PP-CH-SD-Path-3-STA
Instance7,2685.31,7207.61,CG-TDOL-5-PP-CH-SD-NoHeuristic
Instance21,5899.52,10810.3,CG-TW-5-PP-CH-BestK-2-STA
Instance19,7691.77,10802.7,CG-TW-5-PP-CH-NoHeuristic
Instance4,2236.21,5499.46,CG-TDOL-5-PP-CH-SD-BestK-1-DYN
Instance22,6146.4,10802.6,CG-TDOL-5-PP-CH-SD-BestK-3-STA
Instance9,2578.94,7210.11,CG-TDOL-5-PP-CH-Path-1-STA
Instance19,-1,10800.7,MIP
Instance6,1977.39,7202.95,CG-TW-5-PP-CH-Path-3-DYN
Instance8,3642.01,385.902,CG-TDOL-5-PP-CH-SD-BestK-2-STA
Instance15,3944.53,7742.54,CG-TDOL-5-PP-CH-SD-Path-3-STA
Instance17,5139.66,1042.26,CG-TW-5-PP-CH-BestK-1-STA
Instance15,3944.53,10806,CG-TDOL-5-PP-CH-Path-1-STA
Instance8,3628.09,7304.71,CG-TW-5-PP-CH-Path-3-DYN
Instance20,6788.38,10806.1,CG-TW-5-PP-CH-Path-1-DYN
Instance15,3944.53,9374.57,CG-TDOL-5-PP-CH-SD-Path-2-DYN
Instance2,1533.99,0.268,CG-TW-5-PP-CH-BestK-1-DYN
Instance4,2298.99,7202.13,CG-TDOL-5-PP-CH-Path-3-DYN
Instance2,1559.56,0.285,CG-TDOL-5-PP-CH-SD-BestK-3-DYN
Instance2,1533.99,0.285,CG-TW-5-PP-CH-Path-1-DYN
Instance21,5899.52,10803.9,CG-TDOL-5-PP-CH-SD-Path-1-STA
Instance24,7903.83,10008.2,CG-TDOL-5-PP-CH-SD-Path-2-DYN
Instance15,3944.53,10800.4,CG-TDOL-5-PP-CH-SD-BestK-2-DYN
Instance3,1250.02,0.404,CG-TDOL-5-PP-CH-Path-1-DYN
Instance7,2685.31,7207.14,CG-TDOL-5-PP-CH-Path-3-DYN
Instance13,4217.72,10800.7,CG-TDOL-5-PP-CH-SD-BestK-3-DYN
Instance24,8050.29,8939.31,CG-TW-5-PP-CH-BestK-3-STA
Instance22,6207.66,8635.99,CG-TW-5-PP-CH-BestK-2-STA
Instance17,5228.65,7494.76,CG-TW-5-PP-CH-Path-1-STA
Instance18,4690.83,7255.63,CG-TW-5-PP-CH-NoHeuristic
Instance11,3449.75,7252.66,CG-TDOL-5-PP-CH-Path-1-DYN
Instance1,2295.02,0.231,SemiComp
Instance15,3930.21,10805.1,CG-TW-5-PP-CH-BestK-1-DYN
Instance11,3499.87,1953.91,CG-TDOL-5-PP-CH-SD-BestK-2-STA
Instance12,4407.55,7549.95,CG-TDOL-5-PP-CH-SD-BestK-2-DYN
Instance22,6329.44,8714.48,CG-TW-5-PP-CH-BestK-3-DYN
Instance21,5725.85,8749.27,CG-TDOL-5-PP-CH-Path-1-DYN
Instance3,1250.02,0.962,CG-TDOL-5-PP-CH-BestK-3-STA
Instance18,4690.83,7259.46,CG-TDOL-5-PP-CH-SD-BestK-2-STA
Instance16,5918.12,10801.9,CG-TW-5-PP-CH-Path-3-STA
Instance24,7932.42,10803.9,CG-TW-5-PP-CH-Path-1-DYN
Instance3,1250.02,0.566,CG-TW-5-PP-CH-BestK-3-STA
Instance9,2526.85,7222.4,CG-TDOL-5-PP-CH-SD-Path-1-STA
Instance15,3944.53,10800.5,CG-TDOL-5-PP-CH-SD-Path-1-DYN
Instance20,6742.26,10800.9,CG-TDOL-5-PP-CH-SD-BestK-1-STA
Instance8,3531.26,7562.27,CG-TDOL-5-PP-CH-SD-BestK-1-DYN
Instance15,3944.53,8254.25,CG-TW-5-PP-CH-BestK-2-DYN
Instance1,2295.02,0.268,CG-TDOL-5-PP-CH-Path-1-STA
Instance15,3944.53,6924.14,CG-TDOL-5-PP-CH-BestK-1-STA
Instance18,4690.83,7255.19,CG-TDOL-5-PP-CH-SD-Path-3-DYN
Instance20,6724.82,10801.6,CG-TDOL-5-PP-CH-SD-Path-1-STA
Instance1,2295.02,0.171,CG-TDOL-5-PP-CH-Path-3-DYN
Instance23,6078.8,8266.78,CG-TW-5-PP-CH-BestK-2-DYN
Instance17,5719.93,10800.1,SemiComp
Instance24,7903.83,10018.2,CG-TDOL-5-PP-CH-Path-2-DYN
Instance19,7661.81,10800.9,CG-TDOL-5-PP-CH-Path-1-DYN
Instance8,3567.14,8539.93,CG-TDOL-5-PP-CH-BestK-2-DYN
Instance14,3654.07,36.48,CG-TDOL-5-PP-CH-SD-BestK-1-STA
Instance15,3944.53,8777.5,CG-TDOL-5-PP-CH-Path-2-STA
Instance15,3944.53,10057.3,CG-TW-5-PP-CH-BestK-3-DYN
Instance12,4407.55,575.33,CG-TDOL-5-PP-CH-BestK-1-STA
Instance1,2295.02,0.132,CG-TDOL-5-PP-CH-BestK-1-STA
Instance2,1559.56,0.283,CG-TDOL-5-PP-CH-Path-3-DYN
Instance10,3323.46,860.345,CG-TDOL-5-PP-CH-SD-BestK-1-DYN
Instance7,2742.66,7213.8,CG-TW-5-PP-CH-BestK-2-DYN
Instance6,1929.18,28.781,CG-TDOL-5-PP-CH-SD-Path-1-STA
Instance7,2686.71,7216.9,CG-TW-5-PP-CH-BestK-3-STA
Instance8,3523.16,7221.95,CG-TDOL-5-PP-CH-SD-BestK-2-DYN
Instance18,4690.83,7259.12,CG-TDOL-5-PP-CH-Path-3-STA
Instance8,3628.09,7244.59,CG-TDOL-5-PP-CH-Path-3-DYN
Instance5,1833.21,7206.13,CG-TDOL-5-PP-CH-BestK-2-STA
Instance23,6078.8,10811.2,CG-TW-5-PP-CH-BestK-1-STA
Instance18,4690.83,7254.97,CG-TW-5-PP-CH-Path-2-DYN
Instance12,4416.75,7337.97,CG-TDOL-5-PP-CH-Path-3-STA
Instance23,5974.1,10800.6,CG-TDOL-5-PP-CH-Path-2-STA
Instance15,3944.53,9156.44,CG-TW-5-PP-CH-BestK-2-STA
Instance7,2674.2,1905.77,CG-TDOL-5-PP-CH-SD-Path-1-STA
Instance3,1250.02,0.505,CG-TDOL-5-PP-CH-SD-BestK-3-STA
Instance3,1250.02,0.59,CG-TDOL-5-PP-CH-SD-BestK-1-DYN
Instance14,3726.24,7276.1,CG-TW-5-PP-CH-Path-3-DYN
Instance22,6205.16,8592.95,CG-TDOL-5-PP-CH-Path-3-STA
Instance14,3654.07,7269.3,CG-TW-5-PP-CH-Path-1-DYN
Instance11,3449.75,7254.03,CG-TW-5-PP-CH-BestK-3-STA
Instance5,1948.9,7211.99,CG-TW-5-PP-CH-Path-2-STA
Instance15,3936.05,7930.06,CG-TW-5-PP-CH-Path-1-STA
Instance20,6728.38,10801.8,CG-TDOL-5-PP-CH-BestK-1-DYN
Instance10,-1,10800.2,MIP
Instance14,3726.24,7349.88,CG-TDOL-5-PP-CH-Path-3-STA
Instance5,1948.9,54.439,CG-TDOL-5-PP-CH-SD-BestK-1-STA
Instance13,4350.97,10800.2,CG-TDOL-5-PP-CH-SD-BestK-2-STA
Instance16,5872.91,10802.8,CG-TDOL-5-PP-CH-SD-BestK-3-DYN
Instance2,1559.56,0.281,CG-TDOL-5-PP-CH-BestK-2-STA
Instance14,3699.78,7240.16,CG-TDOL-5-PP-CH-BestK-2-DYN
Instance17,5258.56,7266.03,CG-TW-5-PP-CH-BestK-3-STA
Instance12,4355.24,10800.3,CG-TDOL-5-PP-CH-SD-BestK-1-DYN
Instance4,2336.2,7203.97,CG-TW-5-PP-CH-Path-3-DYN
Instance6,1939.72,20.645,CG-TDOL-5-PP-CH-BestK-1-DYN
Instance19,7691.77,10803.2,CG-TDOL-5-PP-CH-BestK-1-STA
Instance8,3628.09,7222.91,CG-TDOL-5-PP-CH-Path-3-STA
Instance13,4400.11,10802.6,CG-TW-5-PP-CH-BestK-3-DYN
Instance5,1897.12,7277.7,CG-TDOL-5-PP-CH-Path-1-DYN
Instance8,3531.26,7578.92,CG-TDOL-5-PP-CH-BestK-1-DYN
Instance2,1533.99,0.268,CG-TW-5-PP-CH-BestK-2-STA
Instance10,3350.37,7225.62,CG-TDOL-5-PP-CH-BestK-3-DYN
Instance10,3323.46,7303.95,CG-TDOL-5-PP-CH-Path-2-STA
Instance15,3936.46,10800.5,SemiComp
Instance18,4672.18,7366.11,CG-TDOL-5-PP-CH-SD-BestK-1-DYN
Instance2,1559.56,0.288,CG-TDOL-5-PP-CH-SD-Path-3-DYN
Instance9,2578.94,7211.76,CG-TDOL-5-PP-CH-NoHeuristic
Instance13,4350.97,10801.6,CG-TW-5-PP-CH-Path-3-STA
Instance16,6083.28,10803.7,CG-TDOL-5-PP-CH-Path-2-STA
Instance1,2295.02,0.173,CG-TDOL-5-PP-CH-SD-BestK-2-DYN
Instance15,3944.53,10800.7,CG-TDOL-5-PP-CH-SD-Path-2-STA
Instance4,2298.12,7203.49,CG-TDOL-5-PP-CH-BestK-3-DYN
Instance19,7624.99,10803.1,CG-TDOL-5-PP-CH-Path-1-STA
Instance24,7911.18,10801.2,CG-TDOL-5-PP-CH-SD-Path-1-DYN
Instance10,3332.79,7246.73,CG-TW-5-PP-CH-BestK-2-DYN
Instance11,3510.84,7999.06,CG-TDOL-5-PP-CH-SD-BestK-2-DYN
Instance13,4299.84,10803.4,CG-TDOL-5-PP-CH-Path-2-STA
Instance23,6015.75,10152,CG-TDOL-5-PP-CH-SD-NoHeuristic
Instance11,3380.96,10801.3,CG-TDOL-5-PP-CH-SD-Path-1-STA
Instance4,2298.99,7203.88,CG-TDOL-5-PP-CH-Path-2-DYN
Instance7,2685.31,7207.52,CG-TDOL-5-PP-CH-SD-Path-3-STA
Instance3,1250.02,0.413,CG-TDOL-5-PP-CH-BestK-2-STA
Instance6,1929.18,7203.83,CG-TDOL-5-PP-CH-BestK-3-DYN
Instance20,6356.5,10800.2,SemiComp
Instance23,6015.75,10806.5,CG-TDOL-5-PP-CH-BestK-2-STA
Instance17,5324.81,10800.7,CG-TDOL-5-PP-CH-SD-Path-1-STA
Instance21,5742.95,10809,CG-TW-5-PP-CH-Path-1-STA
Instance24,8050.29,8698.63,CG-TW-5-PP-CH-Path-2-STA
Instance16,5918.12,5574.28,CG-TW-5-PP-CH-BestK-1-STA
Instance10,3350.37,7260.28,CG-TDOL-5-PP-CH-SD-BestK-2-DYN
Instance15,3944.53,2544.98,CG-TDOL-5-PP-CH-SD-BestK-1-STA
Instance3,1250.02,0.579,CG-TDOL-5-PP-CH-SD-BestK-2-STA
Instance13,4353.31,10803.6,CG-TDOL-5-PP-CH-Path-1-DYN
Instance23,6015.75,10808.3,CG-TDOL-5-PP-CH-BestK-3-DYN
Instance9,2578.94,7208.68,CG-TDOL-5-PP-CH-SD-BestK-2-DYN
Instance1,2295.02,0.13,CG-TW-5-PP-CH-BestK-3-DYN
Instance24,7911.18,8561.44,CG-TDOL-5-PP-CH-SD-BestK-2-DYN
Instance5,1948.9,7283.98,CG-TDOL-5-PP-CH-Path-2-DYN
Instance6,1977.39,7201.81,CG-TW-5-PP-CH-Path-1-DYN
Instance19,7577.48,10801.2,CG-TW-5-PP-CH-Path-1-DYN
Instance18,4690.83,7277.9,CG-TDOL-5-PP-CH-BestK-3-DYN
Instance15,3944.53,9563.83,CG-TDOL-5-PP-CH-NoHeuristic
Instance6,1939.72,7204.54,CG-TDOL-5-PP-CH-Path-1-DYN
Instance6,1929.18,7203.73,CG-TDOL-5-PP-CH-SD-BestK-3-DYN
Instance7,2742.66,7217.94,CG-TW-5-PP-CH-Path-3-DYN
Instance23,6078.8,8325.67,CG-TDOL-5-PP-CH-SD-BestK-2-STA
Instance14,3699.78,7355.6,CG-TDOL-5-PP-CH-SD-Path-2-STA
Instance21,5725.85,8597.78,CG-TDOL-5-PP-CH-BestK-2-DYN
Instance24,7913.18,8454.73,CG-TDOL-5-PP-CH-BestK-1-DYN
Instance1,2295.02,0.171,CG-TDOL-5-PP-CH-Path-2-STA
Instance2,1559.56,0.282,CG-TDOL-5-PP-CH-SD-BestK-2-DYN
Instance10,3350.37,7265.41,CG-TDOL-5-PP-CH-BestK-2-DYN
Instance23,6051.79,10806.9,CG-TDOL-5-PP-CH-BestK-1-DYN
Instance14,3654.07,48.41,CG-TW-5-PP-CH-BestK-1-STA
Instance4,2319.89,7206.11,CG-TDOL-5-PP-CH-SD-Path-3-DYN
Instance7,2685.31,7207.66,CG-TDOL-5-PP-CH-Path-2-DYN
Instance16,5918.12,10800.3,CG-TDOL-5-PP-CH-BestK-3-STA
Instance21,5725.85,10388.5,CG-TDOL-5-PP-CH-SD-BestK-3-DYN
Instance18,4679.33,8145.55,CG-TW-5-PP-CH-Path-1-STA
Instance20,6742.26,10800.8,CG-TDOL-5-PP-CH-SD-BestK-2-STA
Instance24,7932.42,8773.14,CG-TDOL-5-PP-CH-SD-BestK-1-STA
Instance8,3628.09,7278.73,CG-TW-5-PP-CH-Path-3-STA
Instance10,3350.37,7237.23,CG-TDOL-5-PP-CH-SD-NoHeuristic
Instance5,1928.23,7247.09,CG-TDOL-5-PP-CH-Path-2-STA
Instance18,4690.83,7414.55,CG-TDOL-5-PP-CH-BestK-1-DYN
Instance17,5391.37,8223.11,CG-TDOL-5-PP-CH-SD-BestK-2-DYN
Instance14,3671.46,10801.2,CG-TDOL-5-PP-CH-BestK-1-DYN
Instance11,3326.91,7582.12,CG-TDOL-5-PP-CH-BestK-1-DYN
Instance14,3577.08,10800.1,SemiComp
Instance2,1559.56,0.286,CG-TDOL-5-PP-CH-SD-Path-2-DYN
Instance18,4690.83,123.173,CG-TDOL-5-PP-CH-SD-BestK-1-STA
Instance19,7677.39,10802.4,CG-TW-5-PP-CH-BestK-3-DYN
Instance17,5464.03,7581.61,CG-TW-5-PP-CH-Path-2-DYN
Instance22,6374.9,10800.9,CG-TW-5-PP-CH-NoHeuristic
Instance5,1948.9,7239.26,CG-TDOL-5-PP-CH-Path-3-DYN
Instance5,1933.71,10800.6,CG-TDOL-5-PP-CH-SD-BestK-3-STA
Instance19,7621.58,10801.2,CG-TDOL-5-PP-CH-Path-2-DYN
Instance15,3944.53,7723.48,CG-TW-5-PP-CH-NoHeuristic
Instance13,4400.11,10803.7,CG-TDOL-5-PP-CH-SD-BestK-3-STA
Instance5,1928.23,7229.05,CG-TDOL-5-PP-CH-SD-BestK-2-DYN
Instance10,3350.37,130.09,CG-TDOL-5-PP-CH-SD-BestK-1-STA
Instance24,7932.42,9882.35,CG-TDOL-5-PP-CH-Path-3-DYN
Instance23,6078.8,8204.93,CG-TW-5-PP-CH-BestK-3-STA
Instance6,1929.18,7203.93,CG-TDOL-5-PP-CH-Path-2-DYN
Instance17,5200.54,7474.36,CG-TDOL-5-PP-CH-BestK-1-DYN
Instance17,-1,10800.2,MIP
Instance23,-1,10800.6,MIP
Instance17,5391.37,7482.79,CG-TDOL-5-PP-CH-SD-Path-3-DYN
Instance1,2295.02,0.134,CG-TDOL-5-PP-CH-BestK-3-STA
Instance7,2742.66,7212.18,CG-TW-5-PP-CH-Path-2-STA
Instance8,3642.01,7338.5,CG-TW-5-PP-CH-Path-2-DYN
Instance12,4407.55,7609.95,CG-TDOL-5-PP-CH-SD-Path-3-STA
Instance22,6285.39,6615.75,CG-TW-5-PP-CH-BestK-1-STA
Instance11,3449.75,7274.75,CG-TW-5-PP-CH-Path-1-DYN
Instance5,1928.23,7218.16,CG-TDOL-5-PP-CH-SD-Path-1-DYN
Instance21,5725.85,10800.9,CG-TDOL-5-PP-CH-Path-2-DYN
Instance5,1911.87,6610.32,CG-TW-5-PP-CH-BestK-2-STA
Instance14,3726.24,64.997,CG-TDOL-5-PP-CH-BestK-1-STA
Instance6,1929.18,1189.53,SemiComp
Instance1,2295.02,0.172,CG-TW-5-PP-CH-BestK-1-DYN
Instance18,4690.83,7940.15,CG-TDOL-5-PP-CH-SD-Path-1-DYN
Instance22,6211.09,10802.1,CG-TDOL-5-PP-CH-SD-NoHeuristic
Instance24,7903.83,10066.7,CG-TDOL-5-PP-CH-SD-BestK-3-DYN
Instance3,1250.02,1.026,CG-TW-5-PP-CH-BestK-3-DYN
Instance11,3449.75,7286.23,CG-TDOL-5-PP-CH-SD-Path-2-STA
Instance7,2685.31,7208.37,CG-TW-5-PP-CH-NoHeuristic
Instance24,7932.42,10809,CG-TW-5-PP-CH-NoHeuristic
Instance9,2578.94,7202.73,CG-TDOL-5-PP-CH-Path-2-STA
Instance24,7932.42,9841.58,CG-TDOL-5-PP-CH-SD-Path-3-DYN
Instance16,5911.5,10805.3,CG-TDOL-5-PP-CH-BestK-2-DYN
Instance2,1533.99,0.427,CG-TW-5-PP-CH-Path-2-DYN
Instance13,4250.6,10801,CG-TDOL-5-PP-CH-Path-2-DYN
Instance9,2532.94,38.821,CG-TW-5-PP-CH-BestK-1-STA
Instance12,4453.78,7639.45,CG-TDOL-5-PP-CH-SD-Path-1-DYN
Instance19,7691.77,10805.9,CG-TDOL-5-PP-CH-BestK-3-STA
Instance11,3473.49,7256.75,CG-TW-5-PP-CH-BestK-3-DYN
Instance1,2295.02,0.188,CG-TW-5-PP-CH-BestK-2-STA
Instance10,3323.46,5835.24,CG-TW-5-PP-CH-Path-1-STA
Instance18,4679.33,7276.53,CG-TW-5-PP-CH-Path-3-DYN
Instance2,1559.56,0.281,CG-TDOL-5-PP-CH-BestK-2-DYN
Instance19,7677.39,10802,CG-TDOL-5-PP-CH-SD-NoHeuristic
Instance12,4505.74,150.991,CG-TDOL-5-PP-CH-SD-BestK-1-STA
Instance7,2667.57,10800.6,SemiComp
Instance4,2336.2,7204.13,CG-TW-5-PP-CH-NoHeuristic
Instance15,3936.05,10801.5,CG-TDOL-5-PP-CH-SD-Path-1-STA
Instance20,6788.38,10803.1,CG-TDOL-5-PP-CH-SD-NoHeuristic
Instance9,2578.94,7211.59,CG-TDOL-5-PP-CH-Path-3-DYN
Instance22,6236.22,10800.7,CG-TDOL-5-PP-CH-SD-Path-1-DYN
Instance20,6830.25,10803.6,CG-TDOL-5-PP-CH-SD-BestK-1-DYN
Instance2,1533.99,0.296,CG-TW-5-PP-CH-BestK-3-STA
Instance8,3523.16,10803.2,CG-TDOL-5-PP-CH-Path-1-STA
Instance16,5970.86,10800.4,CG-TDOL-5-PP-CH-SD-BestK-2-STA
Instance6,1977.39,2.538,CG-TDOL-5-PP-CH-BestK-1-STA
Instance2,1559.56,0.286,CG-TDOL-5-PP-CH-SD-Path-2-STA
Instance12,4407.55,7598.81,CG-TDOL-5-PP-CH-Path-1-DYN
Instance11,3449.75,7252.05,CG-TDOL-5-PP-CH-SD-NoHeuristic
Instance18,4690.83,7259.83,CG-TW-5-PP-CH-BestK-3-STA
Instance5,1933.71,7275.17,CG-TDOL-5-PP-CH-BestK-3-STA
Instance4,2327.61,7208.58,CG-TW-5-PP-CH-BestK-3-DYN
Instance9,2578.94,7211.32,CG-TDOL-5-PP-CH-SD-BestK-3-DYN
Instance10,3350.37,7216.54,CG-TDOL-5-PP-CH-SD-Path-3-DYN
Instance2,1533.99,0.311,CG-TW-5-PP-CH-Path-3-DYN
Instance1,2295.02,0.172,CG-TDOL-5-PP-CH-SD-NoHeuristic
Instance16,5890.88,10623.2,CG-TW-5-PP-CH-Path-2-STA
Instance9,2578.94,7202.79,CG-TW-5-PP-CH-Path-1-DYN
Instance24,7911.18,8131.41,CG-TDOL-5-PP-CH-Path-2-STA
Instance24,7932.42,10803.5,CG-TW-5-PP-CH-Path-3-STA
Instance11,3510.84,8048.84,CG-TDOL-5-PP-CH-BestK-2-DYN
Instance24,7911.18,8541.97,CG-TDOL-5-PP-CH-Path-1-DYN
Instance10,3321.96,7521.3,CG-TW-5-PP-CH-BestK-1-DYN
Instance9,2578.94,47.463,CG-TDOL-5-PP-CH-BestK-1-STA
Instance16,5918.12,10801.5,CG-TDOL-5-PP-CH-SD-Path-3-DYN
Instance18,4690.83,7258.33,CG-TDOL-5-PP-CH-SD-BestK-3-STA
Instance2,1533.99,0.393,CG-TW-5-PP-CH-Path-3-STA
Instance9,2578.94,7202.82,CG-TW-5-PP-CH-NoHeuristic
Instance1,2295.02,0.171,CG-TDOL-5-PP-CH-Path-3-STA
Instance6,1929.18,7205.24,CG-TDOL-5-PP-CH-BestK-2-DYN
Instance19,7699.31,10806.2,CG-TDOL-5-PP-CH-BestK-1-DYN
Instance3,1250.02,0.835,CG-TW-5-PP-CH-Path-2-DYN
Instance14,-1,10800.3,MIP
Instance20,6566.84,10802.2,CG-TW-5-PP-CH-Path-1-STA
Instance2,1559.56,0.283,CG-TDOL-5-PP-CH-SD-BestK-3-STA
Instance5,1861.85,7373.81,CG-TW-5-PP-CH-BestK-1-DYN
Instance17,5391.37,8224.17,CG-TDOL-5-PP-CH-Path-1-DYN
Instance10,3350.37,7243.26,CG-TDOL-5-PP-CH-NoHeuristic
Instance16,5872.91,10803,CG-TDOL-5-PP-CH-Path-2-DYN
Instance21,5881.37,10800.9,CG-TDOL-5-PP-CH-SD-Path-3-DYN
Instance17,5391.37,7509.6,CG-TW-5-PP-CH-NoHeuristic
Instance10,3350.37,7225.52,CG-TDOL-5-PP-CH-Path-2-DYN
Instance7,2685.31,5.659,CG-TDOL-5-PP-CH-SD-BestK-1-STA
Instance13,4350.97,10802.1,CG-TW-5-PP-CH-NoHeuristic
Instance7,2742.66,7212.51,CG-TW-5-PP-CH-Path-1-DYN
Instance3,1250.02,0.612,CG-TDOL-5-PP-CH-Path-3-STA
Instance4,2182.7,10800.1,MIP
Instance21,5905.26,9594.14,CG-TW-5-PP-CH-NoHeuristic
Instance22,6266.79,10803.3,CG-TDOL-5-PP-CH-SD-BestK-2-STA
Instance12,4407.55,7571.97,CG-TW-5-PP-CH-Path-2-STA
Instance22,6267.62,10804.4,CG-TDOL-5-PP-CH-BestK-3-STA
Instance22,6330.83,10802.9,CG-TDOL-5-PP-CH-SD-BestK-1-STA
Instance8,3642.01,7553.85,CG-TDOL-5-PP-CH-SD-Path-3-STA
Instance21,5857.84,10804.1,CG-TDOL-5-PP-CH-SD-Path-2-STA
Instance7,2680.29,7263.15,CG-TW-5-PP-CH-BestK-1-DYN
Instance9,2578.94,7202.85,CG-TW-5-PP-CH-BestK-3-STA
Instance10,3323.46,7353.1,CG-TDOL-5-PP-CH-SD-BestK-3-DYN
Instance22,6211.09,10801,CG-TDOL-5-PP-CH-Path-3-DYN
Instance6,1939.72,7201.5,CG-TW-5-PP-CH-BestK-3-DYN
Instance10,3350.37,7104.36,CG-TW-5-PP-CH-BestK-3-STA
Instance24,7932.42,10805.6,CG-TDOL-5-PP-CH-Path-1-STA
Instance8,3628.09,7248.09,CG-TW-5-PP-CH-BestK-3-STA
Instance15,3944.53,7738.86,CG-TDOL-5-PP-CH-SD-BestK-2-STA
Instance22,-1,10800.5,MIP
Instance20,-1,10800.6,MIP
Instance11,3473.49,7258.2,CG-TW-5-PP-CH-NoHeuristic
Instance14,3654.07,7219.98,CG-TW-5-PP-CH-Path-2-DYN
Instance9,2578.94,7210.96,CG-TDOL-5-PP-CH-SD-NoHeuristic
Instance1,2295.02,0.136,CG-TDOL-5-PP-CH-SD-BestK-2-STA
Instance14,3671.46,7243.38,CG-TDOL-5-PP-CH-Path-3-DYN
Instance12,4355.24,10800.4,CG-TDOL-5-PP-CH-SD-Path-1-STA
Instance14,3654.07,10800.2,CG-TDOL-5-PP-CH-SD-Path-1-STA
Instance13,4350.97,10801.6,CG-TW-5-PP-CH-Path-3-DYN
Instance3,1319.89,0.438,CG-TDOL-5-PP-CH-SD-BestK-1-STA
Instance11,3449.75,7284.63,CG-TDOL-5-PP-CH-Path-2-STA
Instance18,4690.83,7903.9,CG-TDOL-5-PP-CH-BestK-2-DYN
Instance16,5918.12,10801.6,CG-TDOL-5-PP-CH-Path-3-DYN
Instance18,4679.33,7283.61,CG-TDOL-5-PP-CH-SD-BestK-3-DYN
Instance14,3671.46,7242.06,CG-TDOL-5-PP-CH-SD-Path-3-DYN
Instance20,6715.08,10800.5,CG-TW-5-PP-CH-BestK-1-DYN
Instance20,6742.26,10803.1,CG-TDOL-5-PP-CH-SD-Path-3-STA
Instance9,2578.94,7205.04,CG-TDOL-5-PP-CH-Path-1-DYN
Instance18,4690.83,7335.16,CG-TDOL-5-PP-CH-SD-Path-2-STA
Instance10,3332.79,7301.48,CG-TW-5-PP-CH-BestK-3-DYN
Instance12,4411.38,7822.3,CG-TW-5-PP-CH-BestK-3-STA
Instance22,6205.16,10800.9,CG-TDOL-5-PP-CH-SD-Path-2-DYN
Instance6,1929.18,17.023,CG-TDOL-5-PP-CH-Path-1-STA
Instance24,7876.46,10801,CG-TDOL-5-PP-CH-SD-Path-1-STA
Instance3,1250.02,0.755,CG-TW-5-PP-CH-BestK-2-STA
Instance18,4690.83,7260.53,CG-TW-5-PP-CH-BestK-2-STA
Instance4,2327.61,256.702,CG-TDOL-5-PP-CH-SD-BestK-3-STA
Instance13,-1,10800.2,MIP
Instance18,4690.83,139.848,CG-TDOL-5-PP-CH-BestK-1-STA
Instance7,2685.31,7207.48,CG-TDOL-5-PP-CH-Path-2-STA
Instance16,5913.87,10805.2,CG-TDOL-5-PP-CH-SD-BestK-2-DYN
Instance17,5391.37,7470.45,CG-TW-5-PP-CH-Path-3-DYN
Instance6,1929.18,7204.26,CG-TDOL-5-PP-CH-SD-Path-2-STA
Instance3,1319.89,0.593,CG-TDOL-5-PP-CH-BestK-1-STA
Instance8,3551.77,7235.44,CG-TW-5-PP-CH-Path-1-DYN
Instance2,1559.56,0.283,CG-TDOL-5-PP-CH-Path-2-STA
Instance3,1250.02,0.431,CG-TDOL-5-PP-CH-SD-Path-3-DYN
Instance13,4381.38,10804.3,CG-TDOL-5-PP-CH-SD-Path-1-STA
Instance14,3654.07,7341.49,CG-TDOL-5-PP-CH-BestK-3-STA
Instance4,2298.99,7203,CG-TDOL-5-PP-CH-SD-BestK-2-DYN
Instance24,7932.42,8947.95,CG-TDOL-5-PP-CH-SD-BestK-3-STA
Instance1,2295.02,0.171,CG-TDOL-5-PP-CH-Path-1-DYN
Instance18,4690.83,303.858,CG-TW-5-PP-CH-BestK-1-STA
Instance13,4350.97,10801.7,CG-TW-5-PP-CH-Path-2-DYN
Instance12,4406.33,7266.89,CG-TW-5-PP-CH-BestK-3-DYN
Instance5,1948.9,7202.31,CG-TW-5-PP-CH-Path-3-STA
Instance19,7648.53,10802.7,CG-TDOL-5-PP-CH-SD-Path-1-DYN
Instance6,1977.39,6.533,CG-TW-5-PP-CH-BestK-2-STA
Instance15,3944.53,9691.58,CG-TDOL-5-PP-CH-BestK-3-STA
Instance24,8054.9,9470.59,CG-TDOL-5-PP-CH-NoHeuristic
Instance11,3449.75,7253.56,CG-TDOL-5-PP-CH-SD-Path-1-DYN
Instance2,1559.56,0.286,CG-TDOL-5-PP-CH-SD-Path-1-STA
Instance15,3944.53,2922.64,CG-TW-5-PP-CH-BestK-1-STA
Instance19,7691.77,10803,CG-TW-5-PP-CH-Path-3-STA
Instance17,5391.37,7512.46,CG-TW-5-PP-CH-BestK-3-DYN
Instance2,1460.23,0.854,SemiComp
Instance3,1250.02,0.418,CG-TDOL-5-PP-CH-SD-Path-2-DYN
Instance11,3449.75,7262.17,CG-TDOL-5-PP-CH-Path-3-STA
Instance17,5464.03,7306.54,CG-TDOL-5-PP-CH-SD-Path-3-STA
Instance23,6033.59,10801.9,CG-TDOL-5-PP-CH-SD-Path-3-DYN
Instance17,5391.37,7366.81,CG-TW-5-PP-CH-Path-3-STA
Instance7,2685.31,7209.3,CG-TDOL-5-PP-CH-BestK-3-DYN
Instance9,2578.94,7204.97,CG-TDOL-5-PP-CH-BestK-2-DYN
Instance10,3321.96,2896.88,CG-TDOL-5-PP-CH-SD-Path-1-STA
Instance3,1250.02,0.448,CG-TW-5-PP-CH-Path-1-DYN
Instance24,7911.18,10802.2,CG-TDOL-5-PP-CH-BestK-2-DYN
Instance16,5970.86,10800.3,CG-TDOL-5-PP-CH-SD-BestK-1-STA
Instance11,3522.24,7856.9,CG-TDOL-5-PP-CH-SD-BestK-3-STA
Instance22,6125.45,10803.9,CG-TDOL-5-PP-CH-SD-BestK-1-DYN
Instance6,1977.39,7201.27,CG-TW-5-PP-CH-Path-2-STA
Instance3,1250.02,0.457,CG-TDOL-5-PP-CH-SD-BestK-3-DYN
Instance11,3449.75,7274.09,CG-TDOL-5-PP-CH-BestK-2-STA
Instance11,3325.17,9620.06,CG-TDOL-5-PP-CH-SD-BestK-1-DYN
Instance14,3707.46,7501.11,CG-TDOL-5-PP-CH-BestK-2-STA
Instance6,1977.39,7203.33,CG-TW-5-PP-CH-NoHeuristic
Instance11,3449.75,7274.35,CG-TDOL-5-PP-CH-SD-Path-3-DYN
Instance2,1460.23,0.191,CG-TDOL-5-PP-CH-SD-BestK-1-STA
Instance13,4290.91,8834.36,CG-TW-5-PP-CH-Path-2-STA
Instance22,6469.37,10802.8,CG-TW-5-PP-CH-Path-3-DYN
Instance17,5391.37,7511.26,CG-TDOL-5-PP-CH-Path-3-DYN
Instance24,7932.42,9509.49,CG-TW-5-PP-CH-Path-2-DYN
Instance9,2578.94,7210.96,CG-TDOL-5-PP-CH-SD-Path-2-DYN
Instance8,3628.09,3479.11,CG-TDOL-5-PP-CH-SD-BestK-3-STA
Instance20,6742.26,10803.9,CG-TDOL-5-PP-CH-NoHeuristic
Instance24,7921.14,10802.7,CG-TW-5-PP-CH-BestK-1-DYN
Instance23,6015.75,10803.8,CG-TDOL-5-PP-CH-SD-BestK-3-STA
Instance8,3628.09,7217.36,CG-TDOL-5-PP-CH-BestK-3-STA
Instance4,2336.2,242.894,CG-TW-5-PP-CH-BestK-2-STA
Instance12,4416.75,7340.33,CG-TDOL-5-PP-CH-SD-BestK-3-DYN
Instance3,1250.02,0.418,CG-TDOL-5-PP-CH-SD-Path-3-STA
Instance4,2327.61,13.797,CG-TDOL-5-PP-CH-SD-BestK-2-STA
Instance16,5918.12,10804.3,CG-TDOL-5-PP-CH-NoHeuristic
Instance17,5332.86,7983.23,CG-TW-5-PP-CH-BestK-1-DYN
Instance8,3482.77,10800.2,MIP
Instance12,-1,10800.2,MIP
Instance19,7648.53,10802.2,CG-TDOL-5-PP-CH-SD-BestK-2-DYN
Instance9,2578.94,7206.21,CG-TDOL-5-PP-CH-SD-BestK-1-DYN
Instance22,6238.84,10800.6,CG-TDOL-5-PP-CH-BestK-3-DYN
Instance5,1948.9,492.374,CG-TDOL-5-PP-CH-BestK-1-STA
Instance22,6205.16,10800.4,CG-TDOL-5-PP-CH-SD-BestK-3-DYN
Instance12,4400.66,10800.9,CG-TDOL-5-PP-CH-Path-1-STA
Instance22,6097.38,10801.2,CG-TW-5-PP-CH-Path-1-STA
Instance4,2336.2,7202.58,CG-TW-5-PP-CH-BestK-2-DYN
Instance8,3642.01,29.189,CG-TDOL-5-PP-CH-SD-BestK-1-STA
Instance23,6015.75,10807.6,CG-TDOL-5-PP-CH-Path-3-DYN
Instance10,3332.79,7277.41,CG-TW-5-PP-CH-Path-3-DYN
Instance16,5911,10800.7,CG-TW-5-PP-CH-Path-1-STA
Instance13,4217.72,10800.7,CG-TDOL-5-PP-CH-BestK-3-DYN
Instance2,1559.56,0.283,CG-TDOL-5-PP-CH-Path-2-DYN
Instance1,2295.02,0.122,CG-TW-5-PP-CH-Path-2-STA
Instance16,5911.5,10805.4,CG-TDOL-5-PP-CH-SD-Path-1-DYN
Instance21,5905.26,9292.42,CG-TDOL-5-PP-CH-BestK-3-STA
Instance11,3473.49,7251.22,CG-TW-5-PP-CH-Path-2-DYN
Instance11,3473.49,7255.6,CG-TW-5-PP-CH-Path-3-STA
Instance1,2295.02,0.671,CG-TW-5-PP-CH-Path-2-DYN
Instance22,6229.52,10810.1,CG-TW-5-PP-CH-BestK-3-STA
Instance18,4690.83,7247.22,CG-TW-5-PP-CH-Path-2-STA
Instance5,1793.83,7598.52,CG-TDOL-5-PP-CH-BestK-1-DYN
Instance7,2674.2,7245.19,CG-TDOL-5-PP-CH-Path-1-STA
Instance14,3654.07,8809.01,CG-TW-5-PP-CH-BestK-1-DYN
Instance10,3350.37,205.048,CG-TW-5-PP-CH-BestK-1-STA
Instance6,1977.39,2.496,CG-TDOL-5-PP-CH-SD-BestK-1-STA
Instance2,1559.56,0.283,CG-TDOL-5-PP-CH-SD-NoHeuristic
Instance10,3323.46,7337.12,CG-TDOL-5-PP-CH-SD-Path-3-STA
Instance5,1948.9,7212.3,CG-TW-5-PP-CH-Path-1-DYN
Instance12,4327.1,10800.1,CG-TW-5-PP-CH-Path-1-STA
Instance7,2685.31,9.279,CG-TDOL-5-PP-CH-BestK-1-STA
Instance11,3380.96,7995.11,CG-TDOL-5-PP-CH-Path-1-STA
Instance7,2685.31,7207.48,CG-TDOL-5-PP-CH-Path-3-STA
Instance21,5899.52,10802.8,CG-TW-5-PP-CH-BestK-3-DYN
Instance18,4638.15,8698.91,CG-TDOL-5-PP-CH-Path-1-STA
Instance19,7691.77,10804.6,CG-TDOL-5-PP-CH-BestK-2-STA
Instance8,3642.01,7219.46,CG-TDOL-5-PP-CH-BestK-2-STA
Instance18,4676.71,7338.23,CG-TDOL-5-PP-CH-SD-BestK-2-DYN
Instance16,5970.86,10802.5,CG-TDOL-5-PP-CH-Path-1-STA
Instance19,7576.87,10807.2,CG-TW-5-PP-CH-Path-1-STA
Instance13,4400.11,10801,CG-TW-5-PP-CH-BestK-1-STA
Instance13,4350.97,10805.3,CG-TDOL-5-PP-CH-BestK-3-STA
Instance16,5918.12,5670.63,CG-TDOL-5-PP-CH-BestK-1-STA
Instance7,2680.29,7219.41,CG-TDOL-5-PP-CH-BestK-1-DYN
Instance21,5725.85,10800.7,CG-TDOL-5-PP-CH-BestK-3-DYN
Instance19,7677.39,10825.5,CG-TDOL-5-PP-CH-SD-BestK-2-STA
Instance19,7607.4,10801.3,CG-TDOL-5-PP-CH-BestK-3-DYN
Instance23,6015.75,10807.2,CG-TDOL-5-PP-CH-NoHeuristic
Instance9,2548.17,1738.84,CG-TDOL-5-PP-CH-BestK-2-STA
Instance4,2204.01,7206.66,CG-TW-5-PP-CH-Path-1-STA
Instance24,7932.42,10585.6,CG-TDOL-5-PP-CH-BestK-1-STA
Instance7,2685.31,7206.24,CG-TDOL-5-PP-CH-SD-BestK-3-STA
Instance10,3350.37,7224.9,CG-TDOL-5-PP-CH-SD-Path-2-DYN
Instance14,3726.24,7351.29,CG-TDOL-5-PP-CH-Path-2-DYN
Instance8,3403.66,10800.7,SemiComp
Instance4,2327.61,9.182,CG-TW-5-PP-CH-BestK-1-STA
Instance2,1559.56,0.287,CG-TDOL-5-PP-CH-SD-Path-3-STA
Instance15,3936.05,10804.3,CG-TDOL-5-PP-CH-BestK-1-DYN
Instance5,1996.04,24.867,CG-TW-5-PP-CH-BestK-1-STA
Instance14,3654.07,7240.45,CG-TW-5-PP-CH-BestK-2-DYN
Instance14,3726.24,7349.11,CG-TDOL-5-PP-CH-SD-Path-2-DYN
Instance13,4203.86,10004.8,CG-TDOL-5-PP-CH-BestK-2-DYN
Instance20,6742.26,10802.8,CG-TW-5-PP-CH-BestK-3-DYN
Instance21,5725.85,10800.9,CG-TDOL-5-PP-CH-SD-Path-2-DYN
Instance5,1830.45,10800.3,SemiComp
Instance23,6078.8,8030.19,CG-TW-5-PP-CH-Path-1-DYN
Instance18,4631.55,7470.38,CG-TW-5-PP-CH-Path-1-DYN
Instance17,5391.37,8255.6,CG-TDOL-5-PP-CH-BestK-2-DYN
Instance20,6788.38,10802.1,CG-TDOL-5-PP-CH-SD-BestK-2-DYN
Instance21,5905.26,2822.55,CG-TDOL-5-PP-CH-SD-BestK-1-STA
Instance12,4411.38,49.32,CG-TW-5-PP-CH-BestK-1-STA
Instance5,1948.9,737.252,CG-TDOL-5-PP-CH-SD-BestK-2-STA
Instance16,5831.86,10802,CG-TW-5-PP-CH-BestK-1-DYN
Instance5,1948.9,7251.49,CG-TDOL-5-PP-CH-Path-3-STA
Instance16,5918.12,10801.9,CG-TW-5-PP-CH-BestK-3-DYN
Instance17,5332.86,7915.99,CG-TDOL-5-PP-CH-SD-BestK-2-STA
Instance8,3447.21,10805.7,CG-TW-5-PP-CH-Path-1-STA
Instance12,4407.55,7589.7,CG-TW-5-PP-CH-Path-3-STA
Instance22,6125.45,10802.2,CG-TDOL-5-PP-CH-BestK-1-DYN
Instance17,5275.33,7282.34,CG-TW-5-PP-CH-BestK-2-STA
Instance6,1977.39,3.629,CG-TDOL-5-PP-CH-SD-BestK-3-STA
Instance9,2578.94,10.862,CG-TDOL-5-PP-CH-SD-BestK-1-STA
Instance17,5464.03,7565.09,CG-TW-5-PP-CH-Path-2-STA
Instance15,3944.53,7658.38,CG-TW-5-PP-CH-Path-2-DYN
Instance11,3137.74,10800.1,SemiComp
Instance24,7903.83,9973.82,CG-TDOL-5-PP-CH-BestK-3-DYN
Instance5,1948.9,7216.62,CG-TW-5-PP-CH-Path-3-DYN
Instance5,1948.9,7212.71,CG-TW-5-PP-CH-BestK-3-DYN
Instance22,6266.79,10805,CG-TDOL-5-PP-CH-BestK-2-STA
Instance6,1977.39,3.158,CG-TDOL-5-PP-CH-BestK-2-STA
Instance16,5970.86,10802,CG-TW-5-PP-CH-Path-1-DYN
Instance16,5909.77,10802.9,CG-TDOL-5-PP-CH-SD-Path-1-STA
Instance9,2578.94,7208.64,CG-TDOL-5-PP-CH-SD-Path-1-DYN
Instance20,6742.26,10801.2,CG-TDOL-5-PP-CH-BestK-1-STA
Instance3,1250.02,16.311,SemiComp
Instance18,4679.33,7688.45,CG-TW-5-PP-CH-BestK-1-DYN
Instance4,2336.2,203.052,CG-TDOL-5-PP-CH-BestK-2-STA
Instance11,3449.75,7248.87,CG-TDOL-5-PP-CH-SD-BestK-3-DYN
Instance23,6015.75,10808,CG-TW-5-PP-CH-Path-3-DYN
Instance1,2295.02,0.179,CG-TDOL-5-PP-CH-SD-Path-3-STA
Instance15,3944.53,7656.27,CG-TDOL-5-PP-CH-SD-BestK-3-STA
Instance5,1837.78,7234.24,CG-TDOL-5-PP-CH-Path-1-STA
Instance2,1559.56,0.282,CG-TDOL-5-PP-CH-BestK-3-DYN
Instance20,6742.26,10805.5,CG-TDOL-5-PP-CH-BestK-3-STA
Instance14,3654.07,7229.15,CG-TDOL-5-PP-CH-Path-1-DYN
Instance4,2247.65,7214.66,CG-TDOL-5-PP-CH-SD-Path-1-STA
Instance10,3350.37,130.183,CG-TDOL-5-PP-CH-BestK-1-STA
Instance19,7611.57,10800.7,CG-TDOL-5-PP-CH-SD-BestK-3-DYN
Instance6,1929.18,7203.42,CG-TDOL-5-PP-CH-SD-Path-2-DYN
Instance8,3628.09,7380.16,CG-TDOL-5-PP-CH-SD-NoHeuristic
Instance22,6236.22,10800.5,CG-TDOL-5-PP-CH-SD-BestK-2-DYN
Instance16,5911.5,10805.3,CG-TDOL-5-PP-CH-Path-1-DYN
Instance5,1806.59,7251.44,CG-TDOL-5-PP-CH-SD-Path-2-STA
Instance13,4355.09,10801.7,CG-TDOL-5-PP-CH-Path-3-DYN
Instance6,1929.18,7204.13,CG-TDOL-5-PP-CH-Path-3-STA
Instance9,2578.94,7213.9,CG-TW-5-PP-CH-BestK-1-DYN
Instance9,2473.11,10800.9,SemiComp
Instance16,5948.05,10801.7,CG-TDOL-5-PP-CH-BestK-3-DYN
Instance17,5332.86,7504.37,CG-TDOL-5-PP-CH-Path-1-STA
Instance10,3321.96,4568.38,CG-TDOL-5-PP-CH-BestK-1-DYN
Instance4,2336.2,7203.9,CG-TW-5-PP-CH-Path-2-DYN
Instance4,2336.2,7203.3,CG-TW-5-PP-CH-Path-2-STA
Instance20,6742.26,10804.9,CG-TDOL-5-PP-CH-BestK-2-DYN
Instance4,2298.99,7205.44,CG-TDOL-5-PP-CH-SD-Path-1-DYN
Instance1,2295.02,0.127,CG-TDOL-5-PP-CH-BestK-2-DYN
Instance10,3332.79,7285.81,CG-TW-5-PP-CH-NoHeuristic
Instance19,9725.6,10800.2,SemiComp
Instance19,7661.44,10802.3,CG-TDOL-5-PP-CH-NoHeuristic
Instance6,1939.72,7202.88,CG-TDOL-5-PP-CH-SD-NoHeuristic
Instance16,5970.86,10800.5,CG-TDOL-5-PP-CH-SD-BestK-3-STA
Instance2,1533.99,0.357,CG-TW-5-PP-CH-Path-1-STA
Instance23,6003.73,10802.1,CG-TDOL-5-PP-CH-SD-Path-1-STA
Instance18,4690.83,7952.53,CG-TDOL-5-PP-CH-Path-1-DYN
Instance11,3499.87,7573.33,CG-TW-5-PP-CH-BestK-2-STA
Instance1,2295.02,0.131,CG-TW-5-PP-CH-Path-1-STA
Instance24,7903.83,10013.3,CG-TDOL-5-PP-CH-Path-3-STA
Instance12,4411.38,213.889,CG-TW-5-PP-CH-BestK-2-STA
Instance11,3522.24,9398.32,CG-TDOL-5-PP-CH-Path-2-DYN
Instance21,5899.52,10803.2,CG-TW-5-PP-CH-Path-3-DYN
Instance12,4407.55,7528.55,CG-TW-5-PP-CH-Path-1-DYN
Instance23,6078.8,10803.2,CG-TDOL-5-PP-CH-SD-BestK-1-STA
Instance1,2295.02,0.188,CG-TDOL-5-PP-CH-SD-Path-2-DYN
Instance9,2578.94,7207.92,CG-TW-5-PP-CH-BestK-3-DYN
Instance20,6742.26,10804.3,CG-TDOL-5-PP-CH-SD-Path-1-DYN
Instance14,3671.46,7255.67,CG-TDOL-5-PP-CH-NoHeuristic
Instance12,4406.33,7247.6,CG-TW-5-PP-CH-Path-3-DYN
Instance7,2685.31,8.724,CG-TW-5-PP-CH-BestK-1-STA
Instance3,1250.02,0.572,CG-TDOL-5-PP-CH-Path-2-DYN
Instance21,-1,10800.3,MIP
Instance13,4314.07,10804.6,CG-TDOL-5-PP-CH-BestK-1-DYN
Instance4,2298.99,7203.16,CG-TDOL-5-PP-CH-Path-1-DYN
Instance24,7932.42,10260.2,CG-TDOL-5-PP-CH-SD-BestK-2-STA
Instance21,5730.16,10803.1,CG-TW-5-PP-CH-Path-2-STA
Instance10,3350.37,1190.89,CG-TDOL-5-PP-CH-SD-BestK-3-STA
Instance2,1533.99,0.344,CG-TW-5-PP-CH-Path-2-STA
Instance2,1559.56,0.282,CG-TDOL-5-PP-CH-SD-BestK-2-STA
Instance10,3137.19,10800.4,SemiComp
Instance21,5815.04,10126,CG-TDOL-5-PP-CH-SD-BestK-2-DYN
Instance21,5899.52,10802.3,CG-TW-5-PP-CH-BestK-2-DYN
Instance1,2295.02,0.131,CG-TDOL-5-PP-CH-SD-Path-1-DYN
Instance19,7576.87,10800.6,CG-TW-5-PP-CH-BestK-1-DYN
Instance17,5366.1,10803.8,CG-TDOL-5-PP-CH-BestK-3-STA
Instance2,1533.99,0.309,CG-TW-5-PP-CH-BestK-2-DYN
Instance19,7591.7,10802.6,CG-TDOL-5-PP-CH-BestK-2-DYN
Instance13,5311.78,10800.1,SemiComp
Instance23,6078.8,7991.44,CG-TW-5-PP-CH-Path-2-STA
Instance18,4690.83,7257.95,CG-TDOL-5-PP-CH-SD-NoHeuristic
Instance23,6078.8,10809.4,CG-TW-5-PP-CH-NoHeuristic
Instance21,5905.26,9745.31,CG-TW-5-PP-CH-Path-2-DYN
Instance3,1250.02,0.581,CG-TDOL-5-PP-CH-Path-3-DYN
Instance2,1559.56,0.281,CG-TDOL-5-PP-CH-BestK-1-DYN
Instance5,1791.84,7225.91,CG-TW-5-PP-CH-Path-1-STA
Instance9,2578.94,7202.34,CG-TDOL-5-PP-CH-BestK-3-STA
Instance15,3944.53,9388.43,CG-TW-5-PP-CH-Path-1-DYN
Instance22,6205.16,10800.9,CG-TDOL-5-PP-CH-SD-Path-3-STA
Instance13,4400.11,10801.3,CG-TDOL-5-PP-CH-SD-NoHeuristic
Instance1,2295.02,0.132,CG-TW-5-PP-CH-Path-1-DYN
Instance6,1929.18,10800.1,MIP
Instance22,6236.22,10800.7,CG-TDOL-5-PP-CH-Path-1-DYN
Instance23,6015.75,10809.9,CG-TW-5-PP-CH-Path-3-STA
Instance18,4690.83,7256.38,CG-TDOL-5-PP-CH-Path-3-DYN
Instance20,6788.38,10803.2,CG-TDOL-5-PP-CH-SD-BestK-3-DYN
Instance11,3522.24,7451.19,CG-TW-5-PP-CH-Path-3-DYN
Instance17,5391.37,7467.3,CG-TDOL-5-PP-CH-SD-NoHeuristic
Instance2,1559.56,0.28,CG-TDOL-5-PP-CH-Path-1-DYN
Instance17,5464.03,7562.1,CG-TW-5-PP-CH-Path-1-DYN
Instance16,5905.32,10804.1,CG-TDOL-5-PP-CH-SD-BestK-1-DYN
Instance24,8054.9,10805.7,CG-TDOL-5-PP-CH-BestK-2-STA
Instance11,3449.75,7257.71,CG-TDOL-5-PP-CH-BestK-3-STA
Instance12,4355.24,10741.7,CG-TW-5-PP-CH-BestK-1-DYN
Instance13,4303.12,10806.3,CG-TW-5-PP-CH-BestK-1-DYN
Instance24,7932.42,10805,CG-TDOL-5-PP-CH-SD-NoHeuristic
Instance13,4353.31,10803.6,CG-TDOL-5-PP-CH-SD-Path-1-DYN
Instance24,8054.9,10815.1,CG-TW-5-PP-CH-BestK-3-DYN
Instance5,1948.9,7284.09,CG-TDOL-5-PP-CH-BestK-3-DYN
Instance3,1250.02,0.588,CG-TDOL-5-PP-CH-SD-Path-1-DYN
Instance23,6078.8,10808,CG-TDOL-5-PP-CH-Path-2-DYN
Instance22,6279.16,10800.3,CG-TDOL-5-PP-CH-Path-2-STA
Instance7,2685.31,7207.03,CG-TDOL-5-PP-CH-SD-Path-1-DYN
Instance16,5913.46,10802.5,CG-TDOL-5-PP-CH-SD-Path-3-STA
Instance22,6330.83,10828.2,CG-TDOL-5-PP-CH-BestK-1-STA
Instance22,6211.09,10802.5,CG-TDOL-5-PP-CH-NoHeuristic
Instance20,6788.38,10802.9,CG-TW-5-PP-CH-Path-2-DYN
Instance3,1250.02,0.438,CG-TDOL-5-PP-CH-Path-1-STA
Instance8,3628.09,7466,CG-TW-5-PP-CH-BestK-2-DYN
Instance21,5899.52,10802.4,CG-TW-5-PP-CH-Path-3-STA
Instance11,3449.75,7269.36,CG-TDOL-5-PP-CH-Path-3-DYN
Instance3,1250.02,85.542,MIP
Instance15,3944.53,7741.71,CG-TW-5-PP-CH-Path-3-DYN
Instance20,6788.38,10803.7,CG-TDOL-5-PP-CH-SD-BestK-3-STA
Instance16,5833.9,10803.5,CG-TDOL-5-PP-CH-SD-Path-2-STA
Instance9,2578.94,7203.49,CG-TDOL-5-PP-CH-SD-Path-3-STA
Instance12,4407.55,7588.82,CG-TDOL-5-PP-CH-SD-NoHeuristic
Instance17,5464.03,7311.22,CG-TDOL-5-PP-CH-Path-3-STA
Instance19,7594.58,10800.6,CG-TDOL-5-PP-CH-SD-Path-3-DYN
Instance18,-1,10800.3,MIP
Instance13,4248.05,10801.1,CG-TDOL-5-PP-CH-Path-3-STA
Instance8,3642.01,7279.47,CG-TDOL-5-PP-CH-SD-Path-2-DYN
Instance8,3628.09,7225.31,CG-TDOL-5-PP-CH-Path-2-DYN
Instance7,2685.31,7215.49,CG-TW-5-PP-CH-Path-2-DYN
Instance10,3332.79,7244.83,CG-TW-5-PP-CH-Path-2-STA
Instance6,1939.72,488.244,CG-TW-5-PP-CH-BestK-1-DYN
Instance14,3654.07,10800.4,CG-TW-5-PP-CH-Path-1-STA
Instance4,2259.29,7210.1,CG-TDOL-5-PP-CH-Path-1-STA
Instance12,4411.38,7653.11,CG-TDOL-5-PP-CH-SD-BestK-3-STA
Instance17,5464.03,7580.79,CG-TW-5-PP-CH-BestK-2-DYN
Instance19,7652.52,10801.8,CG-TDOL-5-PP-CH-Path-2-STA
Instance14,3654.07,6085.65,CG-TW-5-PP-CH-BestK-2-STA
Instance10,3350.37,7249.72,CG-TDOL-5-PP-CH-SD-Path-2-STA
Instance7,2668.97,7219.9,CG-TW-5-PP-CH-Path-1-STA
Instance22,6469.37,10809.3,CG-TW-5-PP-CH-Path-2-DYN
Instance17,5464.03,7310.06,CG-TDOL-5-PP-CH-SD-Path-2-DYN
Instance2,1559.56,0.283,CG-TDOL-5-PP-CH-SD-Path-1-DYN
Instance6,1929.18,144.825,CG-TW-5-PP-CH-Path-1-STA
Instance5,1948.9,7262.38,CG-TDOL-5-PP-CH-SD-NoHeuristic
Instance8,3642.01,7275.2,CG-TDOL-5-PP-CH-BestK-3-DYN
Instance2,1533.99,0.353,CG-TW-5-PP-CH-NoHeuristic
Instance23,6078.8,10804.8,CG-TDOL-5-PP-CH-BestK-1-STA
Instance7,2674.2,7251.88,CG-TDOL-5-PP-CH-SD-BestK-1-DYN
Instance2,1460.23,8.688,MIP
Instance18,4690.83,7329.64,CG-TDOL-5-PP-CH-Path-2-STA
Instance18,5213.06,10800.1,SemiComp
Instance12,4453.78,7642.69,CG-TDOL-5-PP-CH-BestK-2-DYN
Instance19,7691.77,10800.9,CG-TDOL-5-PP-CH-SD-BestK-1-STA
Instance9,2578.94,7212.25,CG-TDOL-5-PP-CH-Path-2-DYN
Instance1,2295.02,0.186,CG-TDOL-5-PP-CH-SD-Path-1-STA
Instance17,5391.37,7460.94,CG-TDOL-5-PP-CH-SD-Path-2-STA
Instance21,5871.57,10800.7,CG-TDOL-5-PP-CH-Path-3-DYN
Instance15,3930.21,9827.86,CG-TDOL-5-PP-CH-BestK-2-DYN
Instance20,6742.26,10805.3,CG-TDOL-5-PP-CH-BestK-2-STA
Instance16,-1,10801,MIP
Instance14,3671.46,10800.4,CG-TDOL-5-PP-CH-Path-1-STA
Instance7,2685.31,18.168,CG-TDOL-5-PP-CH-SD-BestK-2-STA
Instance6,1929.18,7202.7,CG-TW-5-PP-CH-BestK-2-DYN
Instance6,1977.39,61.701,CG-TDOL-5-PP-CH-BestK-3-STA
Instance12,4453.78,8241.44,CG-TDOL-5-PP-CH-SD-Path-2-STA
Instance24,7921.01,9049.42,CG-TW-5-PP-CH-Path-1-STA
Instance14,3654.07,7235.48,CG-TDOL-5-PP-CH-SD-Path-3-STA
Instance6,1977.39,2.531,CG-TW-5-PP-CH-BestK-1-STA
Instance8,3642.01,2144.82,CG-TW-5-PP-CH-BestK-2-STA
Instance20,6788.38,10806.8,CG-TW-5-PP-CH-BestK-3-STA
Instance21,5731.87,8825.58,CG-TDOL-5-PP-CH-SD-NoHeuristic
Instance3,1250.02,0.58,CG-TDOL-5-PP-CH-BestK-3-DYN
Instance16,5918.12,10802.4,CG-TDOL-5-PP-CH-BestK-1-DYN
Instance18,4690.83,7258.58,CG-TDOL-5-PP-CH-BestK-2-STA
Instance9,2578.94,358.552,CG-TDOL-5-PP-CH-SD-BestK-2-STA
Instance10,3350.37,7414.28,CG-TW-5-PP-CH-Path-1-DYN
Instance9,2578.94,7212.19,CG-TDOL-5-PP-CH-BestK-3-DYN
Instance14,3654.07,7246.06,CG-TW-5-PP-CH-Path-2-STA
Instance15,3944.53,8020.35,CG-TDOL-5-PP-CH-SD-BestK-3-DYN
Instance21,5860.23,10805.1,CG-TDOL-5-PP-CH-BestK-1-DYN
Instance16,5918.12,10804.1,CG-TDOL-5-PP-CH-SD-NoHeuristic
Instance4,2298.99,7203.71,CG-TDOL-5-PP-CH-SD-Path-3-STA
Instance16,5929.46,10801.6,CG-TDOL-5-PP-CH-SD-Path-2-DYN
Instance14,3654.07,7224.7,CG-TDOL-5-PP-CH-SD-BestK-3-DYN
Instance13,4400.11,10801,CG-TDOL-5-PP-CH-SD-BestK-1-STA
Instance9,2578.94,7202.99,CG-TW-5-PP-CH-Path-3-DYN
Instance3,1250.02,0.694,CG-TDOL-5-PP-CH-SD-BestK-2-DYN
Instance1,2295.02,0.155,CG-TDOL-5-PP-CH-BestK-3-DYN
Instance17,5391.37,7683.44,CG-TDOL-5-PP-CH-BestK-3-DYN
Instance22,6235.96,10801,CG-TW-5-PP-CH-Path-1-DYN
Instance14,3724.73,7989.98,CG-TW-5-PP-CH-BestK-3-STA
Instance13,4314.11,10806.4,CG-TW-5-PP-CH-Path-1-STA
Instance19,7677.39,10803,CG-TDOL-5-PP-CH-SD-BestK-3-STA
Instance24,7932.42,10194.8,CG-TDOL-5-PP-CH-BestK-3-STA
Instance22,6144.08,10802.2,CG-TW-5-PP-CH-BestK-1-DYN
Instance20,6742.26,10804,CG-TDOL-5-PP-CH-SD-Path-2-STA
Instance12,4382.76,131.619,CG-TDOL-5-PP-CH-SD-BestK-2-STA
Instance7,2830.68,10800.1,MIP
Instance19,7611.57,10801,CG-TDOL-5-PP-CH-SD-Path-2-DYN
Instance7,2685.31,231.37,CG-TDOL-5-PP-CH-BestK-2-STA
Instance11,3473.49,955.581,CG-TDOL-5-PP-CH-BestK-1-STA
Instance17,5391.37,7510.58,CG-TDOL-5-PP-CH-Path-2-DYN
Instance9,2570.27,7278.24,CG-TDOL-5-PP-CH-SD-BestK-3-STA
Instance2,1533.99,0.347,CG-TW-5-PP-CH-BestK-3-DYN
Instance23,5987.63,10800.9,CG-TDOL-5-PP-CH-Path-1-DYN
Instance12,4407.55,7561.16,CG-TDOL-5-PP-CH-Path-2-STA
Instance4,2327.61,8.315,CG-TDOL-5-PP-CH-BestK-1-STA
Instance5,1948.9,7212.3,CG-TW-5-PP-CH-BestK-2-DYN
Instance16,5971.59,10803.1,CG-TW-5-PP-CH-NoHeuristic
Instance13,4400.11,10808.1,CG-TW-5-PP-CH-BestK-2-STA
Instance14,3726.24,7277.32,CG-TW-5-PP-CH-Path-3-STA
Instance20,6788.38,10803.1,CG-TDOL-5-PP-CH-SD-Path-3-DYN
Instance7,2685.31,7207.3,CG-TDOL-5-PP-CH-SD-BestK-2-DYN
Instance9,2578.94,7212.38,CG-TDOL-5-PP-CH-Path-3-STA
Instance24,7887.08,9089.65,CG-TDOL-5-PP-CH-SD-BestK-1-DYN
Instance3,1250.02,0.436,CG-TW-5-PP-CH-Path-1-STA
Instance21,5667.32,9812.83,CG-TDOL-5-PP-CH-SD-BestK-1-DYN
Instance6,1929.18,7203.06,CG-TDOL-5-PP-CH-SD-BestK-2-DYN
Instance1,2295.02,0.17,CG-TDOL-5-PP-CH-SD-BestK-1-STA
Instance1,2295.02,0.181,CG-TDOL-5-PP-CH-SD-Path-3-DYN
Instance8,3628.09,7220.33,CG-TDOL-5-PP-CH-SD-BestK-3-DYN
Instance7,2685.31,7210.43,CG-TDOL-5-PP-CH-SD-BestK-3-DYN
Instance12,4407.55,7598.5,CG-TDOL-5-PP-CH-SD-Path-2-DYN
Instance22,6333.62,10801.7,CG-TW-5-PP-CH-Path-2-STA
Instance3,1250.02,1.023,CG-TW-5-PP-CH-Path-3-DYN
Instance7,2685.31,7209.45,CG-TDOL-5-PP-CH-BestK-2-DYN
Instance11,3449.75,7266.54,CG-TDOL-5-PP-CH-BestK-3-DYN
Instance14,3726.24,7355.44,CG-TDOL-5-PP-CH-BestK-3-DYN
Instance15,3944.53,9541.56,CG-TDOL-5-PP-CH-BestK-2-STA
Instance20,6797.79,10801.3,CG-TDOL-5-PP-CH-Path-1-STA
Instance3,1250.02,0.449,CG-TW-5-PP-CH-BestK-1-DYN
Instance24,7932.42,10800.9,CG-TW-5-PP-CH-BestK-1-STA
Instance1,2295.02,0.185,CG-TDOL-5-PP-CH-SD-BestK-3-STA
Instance20,6788.38,10802.5,CG-TW-5-PP-CH-Path-3-DYN
Instance22,6210.65,10800.6,CG-TDOL-5-PP-CH-BestK-2-DYN
Instance13,4350.97,10806.9,CG-TW-5-PP-CH-BestK-3-STA
Instance9,2558.42,5795.47,CG-TW-5-PP-CH-BestK-2-STA
Instance24,7903.83,9986.43,CG-TDOL-5-PP-CH-SD-Path-3-STA
Instance17,5464.03,7310.14,CG-TDOL-5-PP-CH-Path-2-STA
Instance9,2578.94,7204.88,CG-TDOL-5-PP-CH-SD-Path-2-STA
Instance4,2298.99,7202.57,CG-TDOL-5-PP-CH-SD-NoHeuristic
Instance14,3654.07,10801.2,CG-TDOL-5-PP-CH-SD-BestK-1-DYN
Instance20,6742.26,10804,CG-TDOL-5-PP-CH-Path-3-STA
Instance10,3323.46,183.042,CG-TDOL-5-PP-CH-SD-BestK-2-STA
Instance15,3930.21,10800.7,CG-TDOL-5-PP-CH-Path-1-DYN
Instance6,1929.18,7202.06,CG-TDOL-5-PP-CH-NoHeuristic
Instance6,1977.39,7202.31,CG-TDOL-5-PP-CH-Path-3-DYN
Instance15,3944.53,10030.9,CG-TW-5-PP-CH-Path-3-STA
Instance8,3642.01,69.178,CG-TDOL-5-PP-CH-BestK-1-STA
Instance21,5899.52,10800.8,CG-TW-5-PP-CH-BestK-1-STA
Instance6,1977.39,7202.73,CG-TW-5-PP-CH-Path-2-DYN
Instance11,3380.81,8182.73,CG-TW-5-PP-CH-Path-1-STA
Instance11,3449.75,7269.07,CG-TW-5-PP-CH-Path-2-STA
Instance1,2295.02,0.131,CG-TW-5-PP-CH-BestK-1-STA
Instance1,2295.02,0.132,CG-TDOL-5-PP-CH-BestK-1-DYN
Instance14,3654.07,7217.97,CG-TW-5-PP-CH-NoHeuristic
Instance13,4283.48,10800.5,CG-TDOL-5-PP-CH-SD-Path-3-DYN
Instance7,2742.66,938.902,CG-TW-5-PP-CH-BestK-2-STA
Instance20,6788.38,10802.9,CG-TW-5-PP-CH-Path-3-STA
Instance3,1250.02,0.998,CG-TW-5-PP-CH-Path-2-STA
Instance13,4314.07,10801.5,CG-TDOL-5-PP-CH-SD-BestK-1-DYN
Instance7,2685.31,7208.06,CG-TDOL-5-PP-CH-SD-Path-3-DYN
Instance5,1846.6,7222.52,CG-TDOL-5-PP-CH-SD-Path-3-DYN
Instance20,6742.26,10800.9,CG-TW-5-PP-CH-BestK-1-STA
Instance4,2336.2,7205.04,CG-TW-5-PP-CH-BestK-3-STA
Instance6,1939.72,7201.87,CG-TW-5-PP-CH-Path-3-STA
Instance24,7932.42,10804.8,CG-TW-5-PP-CH-BestK-2-DYN
Instance3,1250.02,0.588,CG-TDOL-5-PP-CH-SD-Path-2-STA
Instance21,5891.08,10806.1,CG-TDOL-5-PP-CH-Path-1-STA
Instance4,2336.2,2308.8,CG-TDOL-5-PP-CH-BestK-3-STA
Instance19,7576.29,10800.7,CG-TDOL-5-PP-CH-Path-3-STA
Instance19,7658.1,10803.4,CG-TDOL-5-PP-CH-SD-Path-2-STA
Instance23,6008.09,10802.3,CG-TDOL-5-PP-CH-SD-Path-2-DYN
Instance6,1939.72,7204.11,CG-TDOL-5-PP-CH-Path-2-STA
Instance13,4400.11,10801.4,CG-TDOL-5-PP-CH-NoHeuristic
Instance12,4395.69,10803.1,CG-TDOL-5-PP-CH-BestK-1-DYN
Instance1,2295.02,0.13,CG-TDOL-5-PP-CH-BestK-2-STA
Instance18,4690.83,7259.26,CG-TDOL-5-PP-CH-BestK-3-STA
Instance3,1250.02,0.422,CG-TDOL-5-PP-CH-SD-Path-1-STA
Instance12,4406.33,7268.69,CG-TW-5-PP-CH-Path-2-DYN
Instance19,7691.77,10801.1,CG-TW-5-PP-CH-BestK-1-STA
Instance12,4644.02,10800.5,SemiComp
Instance23,6038.2,10803.2,CG-TDOL-5-PP-CH-Path-3-STA
Instance1,2295.02,0.171,CG-TDOL-5-PP-CH-NoHeuristic
Instance9,2578.94,7202.9,CG-TW-5-PP-CH-Path-2-DYN
Instance23,6036.2,10805.6,CG-TW-5-PP-CH-BestK-1-DYN
Instance23,6078.8,7632.06,CG-TW-5-PP-CH-Path-2-DYN
Instance5,1948.9,7282.53,CG-TDOL-5-PP-CH-SD-Path-3-STA
Instance18,4690.83,7259.95,CG-TW-5-PP-CH-BestK-2-DYN
Instance20,6788.38,10803.2,CG-TW-5-PP-CH-BestK-2-DYN
Instance8,3614.65,8084.29,CG-TDOL-5-PP-CH-SD-Path-2-STA
Instance21,6033.01,10800.2,SemiComp
Instance11,3473.49,72.165,CG-TDOL-5-PP-CH-SD-BestK-1-STA
Instance7,2685.31,7209.94,CG-TDOL-5-PP-CH-NoHeuristic
Instance4,2298.99,7202.42,CG-TDOL-5-PP-CH-SD-Path-2-DYN
Instance13,4353.31,10803.5,CG-TDOL-5-PP-CH-SD-BestK-2-DYN
Instance3,1250.02,0.412,CG-TDOL-5-PP-CH-BestK-2-DYN
Instance2,1460.23,0.191,CG-TDOL-5-PP-CH-BestK-1-STA
Instance19,7677.39,10809.3,CG-TW-5-PP-CH-BestK-3-STA
Instance15,3936.05,10801,CG-TDOL-5-PP-CH-SD-BestK-1-DYN
Instance21,5905.26,10085.5,CG-TDOL-5-PP-CH-BestK-2-STA
Instance23,6009.89,8209.7,CG-TW-5-PP-CH-Path-1-STA
Instance18,4679.33,7279.35,CG-TDOL-5-PP-CH-SD-Path-3-STA
Instance24,7932.42,9402.97,CG-TW-5-PP-CH-BestK-2-STA
Instance1,2295.02,0.183,CG-TW-5-PP-CH-NoHeuristic
Instance13,4299.84,10802.8,CG-TDOL-5-PP-CH-SD-Path-2-STA
Instance8,3642.01,7237.51,CG-TW-5-PP-CH-BestK-3-DYN
Instance10,3332.79,7225.31,CG-TW-5-PP-CH-Path-3-STA
Instance10,3332.79,7269.09,CG-TW-5-PP-CH-Path-2-DYN
Instance15,3944.53,7944.29,CG-TDOL-5-PP-CH-SD-Path-3-DYN
Instance15,3944.53,7945.39,CG-TW-5-PP-CH-BestK-3-STA
Instance19,7650.26,10801.3,CG-TDOL-5-PP-CH-Path-3-DYN
Instance14,3726.24,10800.5,CG-TDOL-5-PP-CH-SD-BestK-3-STA
Instance8,3534.41,7275.91,CG-TDOL-5-PP-CH-Path-2-STA
Instance23,5987.63,10801.2,CG-TDOL-5-PP-CH-SD-BestK-2-DYN
Instance4,2270.74,7203.2,CG-TW-5-PP-CH-BestK-1-DYN
Instance1,2295.02,0.175,CG-TW-5-PP-CH-BestK-2-DYN
Instance11,3449.75,7255.94,CG-TDOL-5-PP-CH-SD-Path-3-STA
Instance19,7677.39,10803.3,CG-TW-5-PP-CH-Path-3-DYN
Instance6,1939.72,29.238,CG-TDOL-5-PP-CH-SD-BestK-1-DYN
Instance12,4453.78,7357.63,CG-TDOL-5-PP-CH-Path-3-DYN
Instance10,3350.37,80.347,CG-TDOL-5-PP-CH-BestK-2-STA
Instance2,1559.56,0.2,CG-TDOL-5-PP-CH-BestK-3-STA
Instance5,1830.88,7276.7,CG-TDOL-5-PP-CH-SD-BestK-1-DYN
Instance15,-1,10800.3,MIP
Instance5,1948.9,7239.46,CG-TDOL-5-PP-CH-NoHeuristic
Instance24,10328.5,10800.3,SemiComp
Instance13,4350.97,6710.2,CG-TDOL-5-PP-CH-BestK-1-STA
Instance19,7536.34,10804.9,CG-TW-5-PP-CH-Path-2-STA
Instance11,3449.75,7271.66,CG-TDOL-5-PP-CH-SD-Path-2-DYN
Instance18,4690.83,7256.77,CG-TDOL-5-PP-CH-NoHeuristic
Instance10,3350.37,45.345,CG-TW-5-PP-CH-BestK-2-STA
Instance22,6233.09,9669.17,CG-TW-5-PP-CH-Path-3-STA
Instance22,6122.47,10800.7,CG-TDOL-5-PP-CH-SD-Path-2-STA
Instance17,5332.86,8189.76,CG-TDOL-5-PP-CH-BestK-2-STA
Instance18,4690.83,7249.51,CG-TW-5-PP-CH-BestK-3-DYN
Instance8,3458.37,10802.7,CG-TW-5-PP-CH-BestK-1-DYN
Instance22,6077.08,10802.5,CG-TDOL-5-PP-CH-Path-1-STA
Instance3,1250.02,0.42,CG-TDOL-5-PP-CH-BestK-1-DYN
Instance13,4283.48,10801.5,CG-TW-5-PP-CH-Path-1-DYN
Instance23,-1,10800.1,SemiComp
Instance20,6742.26,10803.9,CG-TDOL-5-PP-CH-BestK-3-DYN
Instance13,4248.05,10800.5,CG-TDOL-5-PP-CH-SD-Path-3-STA
Instance11,-1,10800.3,MIP
Instance6,1977.39,2.73,CG-TDOL-5-PP-CH-SD-BestK-2-STA
Instance3,1250.02,0.419,CG-TDOL-5-PP-CH-Path-2-STA
Instance17,5391.37,8272.29,CG-TDOL-5-PP-CH-SD-Path-1-DYN
Instance9,2578.94,7210.85,CG-TDOL-5-PP-CH-SD-Path-3-DYN
Instance3,1250.02,1.483,CG-TW-5-PP-CH-Path-3-STA
Instance19,7677.39,10802.5,CG-TW-5-PP-CH-Path-2-DYN
Instance10,3321.96,8710.96,CG-TDOL-5-PP-CH-Path-1-STA
Instance1,2295.02,0.172,CG-TW-5-PP-CH-Path-3-STA
Instance4,2298.99,7202.64,CG-TDOL-5-PP-CH-NoHeuristic
Instance9,2578.94,7202.25,CG-TW-5-PP-CH-Path-3-STA
Instance16,5918.12,10806.9,CG-TW-5-PP-CH-BestK-3-STA
Instance4,2257.56,7248.24,CG-TDOL-5-PP-CH-BestK-1-DYN
Instance20,6742.26,10809,CG-TW-5-PP-CH-BestK-2-STA
Instance1,2295.02,0.171,CG-TW-5-PP-CH-Path-3-DYN
Instance1,2295.02,45.225,MIP
Instance4,2336.2,7203.79,CG-TW-5-PP-CH-Path-3-STA
Instance23,6037.27,10824.3,CG-TDOL-5-PP-CH-SD-Path-2-STA
Instance18,4638.15,9335.44,CG-TDOL-5-PP-CH-SD-Path-1-STA
Instance24,7932.42,10169.7,CG-TW-5-PP-CH-Path-3-DYN
Instance21,5731.49,8889.78,CG-TDOL-5-PP-CH-SD-Path-3-STA
Instance12,4453.78,7267.72,CG-TW-5-PP-CH-NoHeuristic
Instance21,5857.84,10805.1,CG-TDOL-5-PP-CH-Path-2-STA
Instance8,3523.16,7222.63,CG-TDOL-5-PP-CH-Path-1-DYN
Instance23,6065.25,8582.63,CG-TDOL-5-PP-CH-Path-1-STA
Instance12,4407.55,7574.11,CG-TDOL-5-PP-CH-Path-2-DYN
Instance21,5764.92,10406.1,CG-TW-5-PP-CH-BestK-1-DYN
Instance5,1911.64,7462.88,CG-TW-5-PP-CH-BestK-3-STA
Instance19,7660.23,10803.4,CG-TDOL-5-PP-CH-SD-BestK-1-DYN
Instance14,3699.78,7269.16,CG-TDOL-5-PP-CH-Path-2-STA
Instance17,5391.37,7463.79,CG-TDOL-5-PP-CH-NoHeuristic
Instance4,2182.7,10800.1,SemiComp
Instance12,4416.75,7365.97,CG-TW-5-PP-CH-BestK-2-DYN
Instance15,3944.53,7395.93,CG-TDOL-5-PP-CH-Path-3-DYN
Instance7,2742.66,7220.44,CG-TW-5-PP-CH-BestK-3-DYN
Instance21,5725.85,8820.14,CG-TDOL-5-PP-CH-SD-Path-1-DYN
Instance9,2578.94,7206.95,CG-TDOL-5-PP-CH-BestK-1-DYN
Instance21,5905.26,2466.8,CG-TDOL-5-PP-CH-BestK-1-STA
Instance3,1319.89,0.428,CG-TW-5-PP-CH-BestK-1-STA
Instance8,3628.09,7571.66,CG-TDOL-5-PP-CH-SD-Path-3-DYN
Instance14,3699.78,7355.05,CG-TDOL-5-PP-CH-SD-BestK-2-DYN
Instance16,6754.83,10800.4,SemiComp
Instance15,3944.53,8066.13,CG-TDOL-5-PP-CH-Path-2-DYN
Instance23,6016.97,8703.28,CG-TDOL-5-PP-CH-BestK-2-DYN
Instance23,6015.75,10805.9,CG-TDOL-5-PP-CH-BestK-3-STA
Instance6,1929.18,7203.44,CG-TDOL-5-PP-CH-SD-Path-3-STA
Instance13,4350.97,10804.6,CG-TDOL-5-PP-CH-BestK-2-STA
Instance6,1977.39,162.109,CG-TW-5-PP-CH-BestK-3-STA
Instance11,3289.41,7268.22,CG-TW-5-PP-CH-BestK-1-DYN
Instance5,1897.12,7278.34,CG-TDOL-5-PP-CH-BestK-2-DYN
Instance20,6788.38,10803.6,CG-TDOL-5-PP-CH-Path-3-DYN
Instance16,5970.86,10801.6,CG-TW-5-PP-CH-BestK-2-DYN
Instance9,2578.94,7204.88,CG-TW-5-PP-CH-BestK-2-DYN
Instance9,2578.94,7217.97,CG-TW-5-PP-CH-Path-1-STA
Instance20,6742.26,10804.8,CG-TDOL-5-PP-CH-Path-2-DYN
Instance19,7640.37,10803.1,CG-TDOL-5-PP-CH-SD-Path-1-STA
Instance4,2298.12,7201.51,CG-TDOL-5-PP-CH-Path-3-STA
Instance17,5366.92,2161.23,CG-TDOL-5-PP-CH-SD-BestK-1-STA
Instance13,4381.38,10805.8,CG-TDOL-5-PP-CH-Path-1-STA
Instance5,1887.99,7225.66,CG-TDOL-5-PP-CH-SD-BestK-3-DYN
Instance19,7579.31,10802.6,CG-TW-5-PP-CH-BestK-2-DYN
Instance20,6742.26,10804.4,CG-TDOL-5-PP-CH-Path-2-STA
Instance1,2295.02,0.268,CG-TDOL-5-PP-CH-Path-2-DYN
Instance21,5731.49,10801.6,CG-TDOL-5-PP-CH-Path-3-STA
Instance5,1948.9,7212.81,CG-TW-5-PP-CH-NoHeuristic
Instance21,5731.87,8799.45,CG-TDOL-5-PP-CH-NoHeuristic
Instance23,6008.09,10802,CG-TDOL-5-PP-CH-SD-BestK-3-DYN
Instance21,5905.26,10023.3,CG-TW-5-PP-CH-BestK-3-STA
Instance17,5391.37,7460.6,CG-TDOL-5-PP-CH-SD-BestK-3-DYN
Instance1,2295.02,0.132,CG-TW-5-PP-CH-BestK-3-STA
Instance10,3350.37,7258.78,CG-TDOL-5-PP-CH-SD-Path-1-DYN
Instance16,5918.12,10809,CG-TW-5-PP-CH-BestK-2-STA
Instance4,2298.99,7206.8,CG-TDOL-5-PP-CH-BestK-2-DYN
Instance2,1559.56,0.282,CG-TDOL-5-PP-CH-SD-BestK-1-DYN
Instance6,1929.18,7202.22,CG-TDOL-5-PP-CH-SD-Path-1-DYN
Instance10,3323.46,7326.14,CG-TDOL-5-PP-CH-Path-3-DYN
Instance22,6077.08,10803.1,CG-TDOL-5-PP-CH-SD-Path-1-STA
Instance8,3523.16,7217.81,CG-TDOL-5-PP-CH-SD-Path-1-DYN
Instance20,6788.38,10803,CG-TDOL-5-PP-CH-SD-Path-2-DYN
Instance2,1559.56,0.283,CG-TDOL-5-PP-CH-Path-3-STA
Instance18,4690.83,7258.52,CG-TDOL-5-PP-CH-SD-Path-2-DYN
Instance15,3944.53,7675.35,CG-TDOL-5-PP-CH-Path-3-STA
Instance15,3944.53,7479.73,CG-TDOL-5-PP-CH-BestK-3-DYN
Instance18,4690.83,7247.87,CG-TW-5-PP-CH-Path-3-STA
Instance14,3654.07,633.685,CG-TDOL-5-PP-CH-SD-BestK-2-STA
Instance23,6078.8,10810.6,CG-TW-5-PP-CH-BestK-3-DYN
Instance3,1250.02,0.418,CG-TDOL-5-PP-CH-SD-NoHeuristic
Instance3,1250.02,1.102,CG-TW-5-PP-CH-BestK-2-DYN
Instance17,5200.54,7537.69,CG-TDOL-5-PP-CH-SD-BestK-1-DYN
Instance23,6078.8,8107.2,CG-TW-5-PP-CH-BestK-2-STA
